100422;USINA ACUCAREIRA FURLAN S A             ;;G4 ;56723257000126;ROD SP 304, S N                         ;ALAMBARI                 ;13450970;SANTA BARBARA D'OESTE    ;SP ;;
100428;DEDINI S A IND E COMERCIO               ;;G4 ;56617244000172;FAZ SAO LUIZ SETOR A, S N               ;RURAL                    ;13630970;PIRASSUNUNGA             ;SP ;;
100541;ALLTEC QUIMICA LTDA                     ;;G4 ;3515501000107;AV BRIGADEIRO FARIA LIMA, 7527          ;PQ INDUSTRIAL            ;16080751;ARACATUBA                ;SP ;;
100636;USINA ACUCAREIRA GUAIRA LTDA            ;;G4 ;44346583000182;ROD SPV 110 JOAQUIM GARCIA FRANCO, KM 16;FAZENDA ROSARIO          ;14790000;GUAIRA                   ;SP ;;
100640;MERCOQUIMICA DO NORDESTE LTDA           ;;G3 ;3831627000182;FAZ  GAVIAO III, SN                     ;ZONA RURAL               ;57690000;ATALAIA                  ;AL ;;
100651;CIA ENERGETICA SANTA ELISA              ;;G4 ;2300261000152;ROD ARMANDO S OLIV KM 346,3             ;ZONA RURAL               ;14160000;SERTAOZINHO              ;SP ;;
100655;USINA IPIRANGA AC ALCOOL LTDA           ;;G4 ;47544176000259;FAZ STA EMILIA, SN                      ;ZONA RURAL               ;13730010;MOCOCA                   ;SP ;;
100660;VIRGOLINO DE OLIVEIRA SA AC ALCOOL      ;;G4 ;49911589000411;AV COM  VIRGOLINO DE OLIVEIRA, S N      ;RURAL                    ;13972170;ITAPIRA                  ;SP ;;
100687;USINA IPIRANGA AC ALCOOL LTDA           ;;G4 ;47544176000178;FAZ BOA VISTA GDE, SN                   ;ZONA RURAL               ;13690000;DESCALVADO               ;SP ;;
100869;TECMATIZ QUIMICA INDUSTRIAL LTDA        ;;G4 ;1060172000113;RUA ROSA MAFEI, 620                     ;BONSUCESSO               ;7177110;GUARULHOS                ;SP ;;
100889;CENTER ROYAL QUIMICA INDL LTDA          ;;G4 ;55625750000140;RUA JOSE ANTONIO TERUEL,110             ;MINI DIS INDUSTRIAL      ;16080310;ARACATUBA                ;SP ;;
100897;BRASCOMPANY COML EXPORTADORA LTDA       ;;G4 ;60809662000139;AV VEREADOR JOSE DINIZ, 3720            ;CAMPO BELO               ;4604007;SAO PAULO                ;SP ;;
100910;SERQUIMICA IND COM PROD QUIM LTDA       ;;G4 ;6027000191;RUA BRAZ PASCHOAL, 166                  ;VILA INDUSTRIAL          ;14177010;SERTAOZINHO              ;SP ;;
100942;USINA ALTA MOGIANA S A AC E ALCOOL      ;;G4 ;53009825000133;FAZ SANTANA ROD PREF F TALARICO KM89, SN;ZONA RURAL               ;14600000;SAO JOAQUIM DA BARRA     ;SP ;;
100946;PARAISO BIOENERGIA LTDA                 ;;G4 ;46363016000160;FAZ PARAISO, S N                        ;ZONA RURAL               ;17380000;BROTAS                   ;SP ;;
100955;ACUCAREIRA ZILLO LORENZETTI S A         ;;G4 ;51422988002161;RUA USINA S JOSE, S N                   ;ZONA RURAL               ;17290000;MACATUBA                 ;SP ;;
100965;PEDRA AGROINDUSTRIAL SA                 ;;G4 ;71304687000105;USINA DA PEDRA CX P 02, SN              ;ZONA RURAL               ;14150970;SERRANA                  ;SP ;;
100967;J PILON S A ACUCAR E ALCOOL             ;;G4 ;47254396000167;RUA FAZENDA SANTA MARIA, S N            ;SAO FRANCISCO            ;18520000;CERQUILHO                ;SP ;;
100969;ART ARA TROP INDL COML IMP EXP LTDA     ;;G4 ;01678475000285;VIA ANHANGUERA, KM 327,7                ;ZONA RURAL               ;14680000;JARDINOPOLIS             ;SP ;;
100995;AGATHA QUIMICA LTDA                     ;;G4 ;04958432000160;RUA GUARA, 1900                         ;VILA ELISA               ;14075510;RIBEIRAO PRETO           ;SP ;;
100999;COMPANHIA MULLER DE BEBIDAS             ;;G4 ;03485775000940;FAZ LAJEADO, S/N                        ;ZONA RURAL               ;13660000;PORTO FERREIRA           ;SP ;;
101001;USINA SAO LUIZ S A                      ;;G4 ;53408860000125;FAZ SANTA MARIA, SN                     ;ZONA RURAL               ;19911220;OURINHOS                 ;SP ;;
101016;NEOMILLE SA                             ;;G4 ;47062997000178;ROD GO 050 KM 11 MAIS 900M , SN         ;ZONA RURAL               ;75828000;CHAPADAO DO CEU          ;GO ;;
101033;PEDRA AGROINDUSTRIAL SA                 ;;G4 ;71304687001926;RUA PAV ASFALTICA SRV 322, SN           ;ZONA RURAL               ;14270000;SANTA ROSA DE VITERBO    ;SP ;;
101038;USINA PAU D ALHO SA                     ;;G4 ;43204643000160;ROD SP 270 RAP TAVARES, KM 410 8        ;ZONA RURAL               ;19940000;IBIRAREMA                ;SP ;;
101051;USINA SAO JOSE DA ESTIVA SA ACUCAR E ALC;;G4 ;53172300000114;FAZ TRES PONTES, SN                     ;TRES PONTES              ;14960971;NOVO HORIZONTE           ;SP ;;
101053;COSAN SA IND COM                        ;;G4 ;50746577000115;ACE COSTA PINTO, S/N                    ;COSTA PINTO              ;13411900;PIRACICABA               ;SP ;;
101060;RAIZEN TARUMA SA*NÃO USAR*              ;;G4 ;50746577003483;FAZ SAO JOSE, SN                        ;DISTR  DE POTUNDAVA      ;17201460;JAU                      ;SP ;;
101062;TCR INDUSTRIA E COMERCIO                ;;G4 ;00413812000169;RUA LUIZ DISPERATI,  255                ;VIII DISTR INDL          ;14808161;ARARAQUARA               ;SP ;;
101066;EQUIPAV S A ACUCAR E ALCOOL             ;;G4 ;43932102000581;ROD MARECHAL RONDON, KM 455             ;PATOS                    ;16370000;PROMISSAO                ;SP ;;
101238;ALFERMAC QUIMICA LTDA                   ;;G3 ;01012921000137;RUA S3 QD S12 LOTE 17, 313              ;SETOR BELA VISTA         ;74823440;GOIANIA                  ;GO ;;
101257;AGRO INDL VISTA ALEGRE LTDA             ;;G4 ;44836856000177;FAZ VISTA ALEGRE, SN                    ;PINHAL                   ;18209600;ITAPETININGA             ;SP ;;
101299;USINA AC STA TEREZINHA LTDA             ;;G1 ;75717355000103;AV PIONEIRO VICTORIO MARCOM, 693        ;DISTR INDL II            ;87065120;MARINGA                  ;PR ;;
101300;USINA AC STA TEREZINHA LTDA             ;;G1 ;75717355000529;EST LOTE 246 GLEBA CHAPECO, SN          ;GLEBA CHAPECO            ;87001970;MARINGA                  ;PR ;;
101301;USINA AC STA TEREZINHA LTDA             ;;G1 ;75717355000367;ROD PR 323 KM 258, SN                   ;ZONA RURAL               ;87430000;TAPEJARA                 ;PR ;;
101311;USINA AC STA TEREZINHA LTDA             ;;G1 ;75717355000286;EST LOTE 255, SN                        ;ZONA RURAL               ;87660000;PARANACITY               ;PR ;;
101312;USINA AC STA TEREZINHA LTDA             ;;G1 ;75717355000448;ROD PR 082 KM 08, SN                    ;ZONA RURAL               ;87510000;IVATE                    ;PR ;;
101736;BUCKMAN LABORATORIOS LTDA               ;;G4 ;44589885000181;ROD ANHANGUERA,  KM 107 5               ;MATAO                    ;13170023;SUMARE                   ;SP ;;
101873;RAIZEN TARUMA SA                        ;;G4 ;62092739000128;FAZ NOVA AMERICA, S N                   ;AGUA DA ALDEIA           ;19820000;TARUMA                   ;SP ;;
102068;USINA ALTO ALEGRE SA ACUCAR E ALCOOL    ;;G4 ;48295562000136;RUA JOSE LEITE, 40                      ;JARDIM BONGIOVANI        ;19050910;PRESIDENTE PRUDENTE      ;SP ;;
102069;USINA ALTO ALEGRE SA ACUCAR E ALCOOL    ;;G1 ;48295562001450;FAZ JUNQUEIRA,  SN                      ;DISTR ALTO ALEGRE        ;86690000;COLORADO                 ;PR ;;
102070;USINA ALTO ALEGRE SA ACUCAR E ALCOOL    ;;G4 ;48295562001108;FAZ ALTA FLORESTA, SN                   ;DISTR AMELIOPOLIS        ;19140000;PRESIDENTE PRUDENTE      ;SP ;;
102159;MERCOQUIMICA MANIP COM E REPRES LTDA    ;;G4 ;69160018000157;RUA RIBEIRAO PRETO, 2758                ;VILA BRASIL              ;14075080;RIBEIRAO PRETO           ;SP ;;
102285;DELLA COLETTA US  ACUCAR E ALCOOL LTDA  ;;G4 ;44691236000197;FAZ MONTE ALEGRE, S N                   ;BAIRRO SAPE              ;17250000;BARIRI                   ;SP ;;
102294;ANDRADE ACUCAR E ALCOOL SA              ;;G4 ;54929021000115;FAZENDA PIRATININGA, SN                 ;ZONA RURAL               ;14750000;PITANGUEIRAS             ;SP ;;
102581;DACALDA ACUCAR E ALCOOL LTDA            ;;G1 ;75444430000100;FAZ SANTA MARIA, SN                     ;DOURADO                  ;86400000;JACAREZINHO              ;PR ;;
102592;BRANCO PERES ACUCAR E ALCOOL SA         ;;G4 ;43619832001760;ROD DR PLACIDO ROCHA, KM 19 6           ;LAGOA SECA               ;17800000;ADAMANTINA               ;SP ;;
102597;DESTILARIA ALCIDIA S A                  ;;G4 ;46448270000160;FAZ ALCIDIA, S N                        ;ZONA RURAL               ;19280001;TEODORO SAMPAIO          ;SP ;;
102605;IRMAOS BALDIM CIA LTDA                  ;;G4 ;54844360000107;ROD  ANHANGUERA,  KM 208                ;TABOAO                   ;13630970;PIRASSUNUNGA             ;SP ;;
102607;TEREOS ACUCAR E ENERGIA BRASIL S A      ;;G4 ;47080619001199;ROD ASSIS CHATEAUBRIAND, KM 155         ;ZONA RURAL               ;15400970;OLIMPIA                  ;SP ;;
102655;COSAN SA IND COM                        ;;G4 ;50746577003726;RUA DO ENGENHO, SN                      ;CENTRO                   ;13370000;RAFARD                   ;SP ;;
102660;DESTILARIA AGUA BONITA LTDA             ;;G4 ;50227255000160;ROD SP 333 KM 26 7, SN                  ;AGUA BONITA              ;19820000;TARUMA                   ;SP ;;
102735;RAIZEN TARUMA SA                        ;;G4 ;62092739003739;FAZ SANTA AMELIA, S N                   ;ZONA RURAL               ;19840000;MARACAI                  ;SP ;;
102842;ANTONIO RUETTE AGROINDUSTRIAL LTDA      ;;G4 ;51843514000140;ROD ANTONIO CELIDONIO RUETTE KM 03, SN  ;FAZ CACHOEIRA            ;15825000;PARAISO                  ;SP ;;
102853;SANTA CANDIDA ACUCAR E ALCOOL LTDA      ;;G4 ;45461753000132;FAZ SANTA CANDIDA, S N                  ;PEDRO ALEXANDRINO        ;17240000;BOCAINA                  ;SP ;;
102859;USINA ITAIQUARA DE ACUCAR E ALCOOL SA   ;;G1 ;72111321002037;FAZ SOLEDADE, SN                        ;ZONA RURAL               ;37900970;PASSOS                   ;MG ;;
102939;USINA ALTO ALEGRE SA ACUCAR E ALCOOL    ;;G1 ;48295562001884;COL  ZACARIAS DE GOIS, SN               ;COL. ZACARIAS DE GOIS    ;86650000;SANTO INACIO             ;PR ;;
102945;ID COMERCIO E REPRESENTACOES LTDA       ;;G4 ;02726095000312;RUA FRANCISCO MENDES, 314               ;SOCORRO                  ;4766050;SAO PAULO                ;SP ;;
102968;PARAPUA AGROINDUSTRIAL SA               ;;G4 ;07969961000239;FAZ SAO FRANCISCO, S/N                  ;MONTE ALEGRE             ;17730000;PARAPUA                  ;SP ;;
103014;GLENCANE BIOENERGIA SA                  ;;G4 ;68316801000102;EST MUN JUNQUEIROPOLIS SALGADO FILHO,SN ;TAQUARUSSU               ;17890000;JUNQUEIROPOLIS           ;SP ;;
103023;RAIZEN ENERGIA SA                       ;;G4 ;08070508007261;FAZ SANTO ANTONIO, SN                   ;ZONA RURAL               ;17300000;DOIS CORREGOS            ;SP ;;
103042;COSAN SA IND COM                        ;;G4 ;50746577009090;EST MIRANDOPOLIS PACAEMBU, SN           ;MONTE SERRAT             ;16800000;MIRANDOPOLIS             ;SP ;;
103043;COSAN SA IND COM                        ;;G4 ;50746577003050;RUA BAIRRO CAMPESTRE, SN                ;CAMPESTRE                ;13390000;RIO DAS PEDRAS           ;SP ;;
103044;COSAN SA IND COM                        ;;G4 ;50746577003300;FAZ SOBRADO, S N                        ;ZONA RURAL               ;13350000;ELIAS FAUSTO             ;SP ;;
103045;COSAN SA IND COM                        ;;G4 ;50746577003211;ACESSO FAZ DA SERRA, 1                  ;FAZ DA SERRA             ;14815000;IBATE                    ;SP ;;
103046;COSAN SA IND COM                        ;;G4 ;50746577000972;EST CORONEL QUITO, SN                   ;ZONA RURAL               ;14540000;IGARAPAVA                ;SP ;;
103047;COSAN SA IND COM                        ;;G4 ;50746577008957;FAZ BOM RETIRO, SN                      ;ZONA RURAL               ;13360000;CAPIVARI                 ;SP ;;
103064;RAIZEN ENERGIA SA                       ;;G4 ;08070508000330;FAZ PAU D ALHO, SN                      ;ZONA RURAL               ;17340000;BARRA BONITA             ;SP ;;
103065;RAIZEN ENERGIA SA                       ;;G4 ;08070508006613;ROD ELIEZER M MAGALHAES KM 58, SN       ;PQ  INDL ARACATUBA       ;16080603;ARACATUBA                ;SP ;;
103066;RAIZEN ENERGIA SA                       ;;G4 ;08070508006702;ROD DR PLACIDO ROCHA SP 541 KM39  6,SN  ;SAPE                     ;16880000;VALPARAISO               ;SP ;;
103067;RAIZEN ENERGIA SA                       ;;G4 ;08070508006885;ROD ACESSO UHE 3 IRMAOS KM 3, SN        ;ZONA RURAL               ;16900970;ANDRADINA                ;SP ;;
103068;RAIZEN ENERGIA SA                       ;;G4 ;08070508006966;ROD RAPOSO TAVARES KM 334, SN           ;ZONA RURAL               ;18950000;IPAUSSU                  ;SP ;;
103069;RAIZEN ENERGIA SA                       ;;G4 ;08070508006532;ROD BRIG  FARIA LIMA KM 322, SN         ;ZONA RURAL               ;14840000;GUARIBA                  ;SP ;;
103070;RAIZEN ENERGIA SA                       ;;G4 ;08070508007423;ROD WASHINGTON LUIZ KM 263, SN          ;ZONA RURAL               ;14801970;ARARAQUARA               ;SP ;;
103074;ARALCO S A INDUSTRIA E COMERCIO         ;;G4 ;51086080000180;ROD SPV 061,  S N                       ;GENEROSO                 ;16130000;SANTO ANTONIO DO ARACANGU;SP ;;
103111;IND COM IRACEMA LTDA                    ;;G4 ;53906384000172;FAZ PANORAMICA DE ITAI, S N             ;FARRAPOS                 ;18730000;ITAI                     ;SP ;;
103280;COOP AGRIC PROD CANA CAMPO NOVO PARECIS ;;G3 ;15043391000107;ROD BR 364 KM 864,  SN                  ;ZONA RURAL               ;78360000;CAMPO NOVO DO PARECIS    ;MT ;;
103312;ALCOOLVALE S A ALCOOL E ACUCAR          ;;G3 ;15444904000183;ROD BR 158 KM 23, S/N                   ;FAZENDA SANTA INES       ;79570000;APARECIDA DO TABOADO     ;MS ;;
103350;USINA AC STA TEREZINHA LTDA             ;;G1 ;75717355000871;FAZ SAO JOSE,SN                         ;BAIRRO TRES MORRINHOS    ;87980000;TERRA RICA               ;PR ;;
103352;RAIZEN PARAGUACU SA                     ;;G4 ;52189420000161;RUA SITIO PARALCOOL,  SN                ;BREJAO                   ;19700000;PARAGUACU PAULISTA       ;SP ;;
103355;GUARIROBA BIOENERGIA LTDA               ;;G4 ;07398533000112;FAZ GUARIROBA, SN                       ;RURAL                    ;15560000;PONTES GESTAL            ;SP ;;
103374;PEDRA AGROINDUSTRIAL SA                 ;;G4 ;71304687002817;ROD GAL EUCLIDES O FIGUEIREDO, SN       ;ZONA RURAL               ;16940000;NOVA INDEPENDENCIA       ;SP ;;
103375;COFERCATU COOPERATIVA AGROINDUSTRIAL    ;;G1 ;80539612000862;ROD  JOAO LUNARDELLI PR 170, SN         ;ZONA RURAL               ;86165000;FLORESTOPOLIS            ;PR ;;
103381;RAIZEN CENTRO SUL SA                    ;;G4 ;15527906003666;EST VICINAL JOSE DE S QUEIROZ FILHO, SN ;ZONA RURAL               ;13610970;LEME                     ;SP ;;
103395;PIONEIROS BIOENERGIA S A                ;;G4 ;51096477000153;FAZ SANTA MARIA DA MATA KM 6, SN        ;ZONA RURAL               ;15360000;SUD MENNUCCI             ;SP ;;
103400;ALCOAZUL S A ACUCAR E ALCOOL            ;;G4 ;44776409000170;ROD  CARAM REZEK, KM 16                 ;CORREGO AZUL             ;16078035;ARACATUBA                ;SP ;;
103419;BIOSEV SA                               ;;G3 ;15527906000640;FAZ ESTRADA DA AGUA FRIA KM 54, SN      ;ZONA RURAL               ;79150000;MARACAJU                 ;MS ;;
103432;USINA NOVA GALIA LTDA                   ;;G3 ;07300906000170;ROD GO 333 SEN RIO VERDE KM79 DIR 6KM,SN;ZONA RURAL               ;75980000;PARAUNA                  ;GO ;;
103433;BIOSEV SA                               ;;G4 ;15527906000136;AV BRIG FARIA LIMA  11 ANDAR, 1355      ;PINHEIROS                ;1452919;SAO PAULO                ;SP ;;
103434;RAIZEN CENTRO SUL SA                    ;;G1 ;15527906002937;VILA LUCIANIA, SN                       ;ZONA RURAL               ;35590970;LAGOA DA PRATA           ;MG ;;
103435;BIOSEV SA                               ;;G3 ;15527906000802;VILA ESTIVAS, SN                        ;ZONA RURAL               ;59170000;AREZ                     ;RN ;;
103436;BIOSEV SA                               ;;G3 ;15527906000993;FAZ IBURA GIASA, SN                     ;ZONA RURAL               ;58328000;PEDRAS DE FOGO           ;PB ;;
103437;RAIZEN CENTRO SUL SA                    ;;G3 ;15527906000721;FAZ PASSA TEMPO, SN                     ;ZONA RURAL               ;79130000;RIO BRILHANTE            ;MS ;;
103444;SA USINA CORURIPE ACUCAR E ALCOOL       ;;G3 ;12229415000110;FAZ TRIUNFO, S/N                        ;ZONA RURAL               ;57230001;CORURIPE                 ;AL ;;
103445;SA USINA CORURIPE ACUCAR E ALCOOL       ;;G1 ;12229415001435;EST CRUZEIRO DO SUL, S/N                ;ZONA RURAL               ;38130000;CAMPO FLORIDO            ;MG ;;
103446;SA USINA CORURIPE ACUCAR E ALCOOL       ;;G1 ;12229415001605;FAZ  BARREIRO, S/N                      ;ZONA RURAL               ;38295000;LIMEIRA DO OESTE         ;MG ;;
103447;SA USINA CORURIPE ACUCAR E ALCOOL       ;;G1 ;12229415001001;ROD  BR 497, S/N                        ;ZONA RURAL               ;38280000;ITURAMA                  ;MG ;;
103448;BIOSEV SA                               ;;G4 ;15527906003402;FAZENDA SAO CARLOS  SN                  ;ZONA RURAL               ;14870904;JABOTICABAL              ;SP ;;
103449;USINA ALVORADA DO OESTE LTDA            ;;G4 ;07361177000162;ROD. SPV, S N  29 KM 22                 ;RIBEIRAO CLARO           ;19360000;SANTO ANASTACIO          ;SP ;;
103452;USINA SANTA FE S A                      ;;G4 ;45281813000135;EST ANT FAZENDA DE ITAQUERE, SN         ;RURAL                    ;14920000;NOVA EUROPA              ;SP ;;
103487;COROL AGROENERGIA USINA DE ALCOOL LTDA  ;;G1 ;09167861000133;LOT 500 E 501 DA GLEBA ROLAND, S/N      ;DISTR. SAO MARTINHO      ;86609000;ROLANDIA                 ;PR ;;
103498;USINA BARRALCOOL S A                    ;;G3 ;33664228000135;ROD MT 246 KM 3  5, SN                  ;INDUSTRIAL               ;78390000;BARRA DO BUGRES          ;MT ;;
103501;DENUSA DESTILARIA NOVA UNIAO SA         ;;G3 ;00595322000120;ROD BR 060 KM 274, SN                   ;ZONA RURAL               ;75950000;JANDAIA                  ;GO ;;
103507;TEREOS ACUCAR E ENERGIA BRASIL S A      ;;G4 ;47080619003051;FAZ TANABI, SN                          ;ZONA RURAL               ;15170000;TANABI                   ;SP ;;
103525;VIRGOLINO DE OLIVEIRA SA AC ALCOOL      ;;G4 ;49911589000179;FAZENDA SANTO ANTONIO, SN               ;ZONA RURAL               ;15960000;ARIRANHA                 ;SP ;;
103530;JALLES MACHADO S A                      ;;G3 ;02635522000195;FAZ SAO PEDRO ROD GO 080 KM 185,SN      ;ZONA RURAL               ;76388899;GOIANESIA                ;GO ;;
103537;MALOSSO BIOENERGIA SA                   ;;G4 ;49976251000103;COL FAZ STA ADELINA CX POST 100, SN     ;BOA VISTA S LOURENCO     ;14900000;ITAPOLIS                 ;SP ;;
103552;ANTONIO RUETTE AGROINDUSTRIAL LTDA      ;;G4 ;51843514009600;ROD BR 153 KM 124+ 500 METROS, SN       ;FAZ MONTEREY             ;15225000;UBARANA                  ;SP ;;
103558;CENTRAL ENERG MORENO ACUCAR E ALCOOL LT ;;G4 ;45765914000181;ROD SP 253 KM 160 CX POSTAL 01, SN      ;ZONA RURAL               ;14210000;LUIS ANTONIO             ;SP ;;
103559;COPLASA ACUCAR E ALCOOL LTDA            ;;G4 ;05928246000141;EST VICINAL GOV MARIO COVAS, S/N        ;FAZ. CACOS DE COCO       ;15260000;PLANALTO                 ;SP ;;
103588;MOEMA BIOENERGIA S.A                    ;;G4 ;49972326000170;FAZ MOEMA,SN                            ;ZONA RURAL               ;15480000;ORINDIUVA                ;SP ;;
103596;RAIZEN CENTRO SUL PAULISTA S.A          ;;G4 ;49213747000117;FAZ INVERNADA, SN                       ;ZONA RURAL               ;14640000;MORRO AGUDO              ;SP ;;
103598;VALE DO IVAI SA ACUCAR E ALCOOL         ;;G1 ;75177857000180;EST MARISA, SN                          ;RURAL                    ;86945000;SAO PEDRO DO IVAI        ;PR ;;
103599;VALE DO IVAI SA ACUCAR E ALCOOL         ;;G1 ;75177857000261;ROD BR 153,  SN                         ;MARGEM DO RIO GRANDE     ;38230000;FRONTEIRA                ;MG ;;
103600;VALE DO IVAI SA ACUCAR E ALCOOL         ;;G1 ;75177857000342;ROD PR 455,  SN                         ;SAO MIGUEL CAMBUI        ;86990000;MARIALVA                 ;PR ;;
103602;GOIASA GOIATUBA ALCOOL LTDA             ;;G3 ;02773950000184;ROD GO 040 KM 194 ACE 7KM DIR, SN       ;ZONA RURAL               ;75600000;GOIATUBA                 ;GO ;;
103609;CENT ENERG MORENO M  APRAZ  AC  ALC LTDA;;G4 ;04171382000177;ROD JOAO PEDRO REZENDE, SN              ;ZONA RURAL               ;15150000;MONTE APRAZIVEL          ;SP ;;
103635;ALCOESTE DESTILARIA FERNANDOPOLIS SA    ;;G4 ;43545284000104;ROD EUCLIDES CUNHA KM 562, SN           ;ZONA RURAL               ;15600000;FERNANDOPOLIS            ;SP ;;
103653;MENDO SAMPAIO SA                        ;;G3 ;10776540004374;VL BERNARDO LOPES, SN                   ;BERNARDO LOPES           ;57240000;SAO MIGUEL DOS CAMPOS    ;AL ;;
103659;BIOPAV SA ACUCAR E ALCOOL               ;;G4 ;08614277000116;EST MUN CRD 339, S N                    ;ZONA RURAL               ;16265000;BREJO ALEGRE             ;SP ;;
103696;UNION DISTILLERY MALTWHISKY DO BRASIL LT;;G2 ;87846432000104;AV JULIO DE OLIVEIRA, 312               ;CENTRO                   ;95330000;VERANOPOLIS              ;RS ;;
103697;USINA SAO JOSE SA                       ;;G3 ;10362820000187;ROD EST  PE 41 KM 10 E 7OO METROS,  SN  ;TRES LADEIRAS            ;53610970;IGARASSU                 ;PE ;;
103698;USACIGA ACUCAR ALCOOL ENERGIA ELET SA   ;;G1 ;75031633000166;ROD PR 82  KM 74, SN                    ;ZONA RURAL               ;87820000;CIDADE GAUCHA            ;PR ;;
103713;USINA TRAPICHE SA                       ;;G3 ;10820645000124;ENG ROSARIO, SN                         ;ZONA RURAL               ;55580000;SIRINHAEM                ;PE ;;
103735;USINA UNIAO E INDUSTRIA SA              ;;G3 ;10204485000199;ENGENHO BONFIM, SN                      ;ZONA RURAL               ;55510000;PRIMAVERA                ;PE ;;
103766;USINA CENTRAL OLHO DAGUA SA             ;;G3 ;11797222000101;ROD PE 082 KM 14, SN                    ;ZONA RURAL               ;55930000;CAMUTANGA                ;PE ;;
103786;USINA ACUCAREIRA SAO MANOEL SA          ;;G4 ;60329174000124;RUA BOA VISTA CAIXA POSTAL, 127         ;ZONA RURAL               ;18650970;SAO MANUEL               ;SP ;;
103800;UMOE BIOENERGY SA                       ;;G4 ;03445208000102;EST NARANDIBA PORTO ASSIS ABBUD, S/N    ;ZONA RURAL               ;19220000;NARANDIBA                ;SP ;;
103801;USINA RIO VERDE LTDA                    ;;G3 ;02043917000107;ROD GO 174 KM 32, SN                    ;ZONA RURAL               ;75901970;RIO VERDE                ;GO ;;
103805;USINA  DRACENA ACUCAR E ALCOOL LTDA     ;;G4 ;05457893000112;ROD SP 563 KM 116 GEN EUCL FIGUEIREDO,SN;ZONA RURAL               ;17900000;DRACENA                  ;SP ;;
103816;USJ ACUCAR E ALCOOL SA                  ;;G4 ;44209336003583;FAZ SAO JOAO , SN                       ;ZONA RURAL               ;13600970;ARARAS                   ;SP ;;
103818;USJ ACUCAR E ALCOOL SA                  ;;G3 ;44209336000304;ROD GO 206 KM 18   ESQUERDA 2 KM, SN    ;ZONA RURAL               ;75865000;QUIRINOPOLIS             ;GO ;;
103847;SAFI BRASIL ENERGIA SA                  ;;G3 ;07574178000195;ROD BR 163 KM 296, SN                   ;ZONA RURAL               ;79140000;NOVA ALVORADA DO SUL     ;MS ;;
103857;CIA BRASILEIRA DE ACUCAR E ALCOOL       ;;G3 ;02995097000307;EST QUEBRA COCO VERDE KM 09, SN         ;QUEBRA COCO              ;79170000;SIDROLANDIA              ;MS ;;
103869;USINA NAVIRAI SA ACUCAR E ALCOOL        ;;G3 ;07929985000183;ROD BR 163, SN KM 118                   ;ZONA RURAL               ;79950000;NAVIRAI                  ;MS ;;
103870;PEDRA AGROINDUSTRIAL SA                 ;;G4 ;71304687001845;FAZ SAO LUIZ DA ESPLANADA, SN           ;ZONA RURAL               ;14570000;BURITIZAL                ;SP ;;
103871;USINA BOA VISTA SA                      ;;G3 ;07603999000293;ROD GO 164 KM 10 ESQ 1 KM, SN           ;ZONA RURAL               ;75860000;QUIRINOPOLIS             ;GO ;;
103881;FLORALCO ACUCAR E ALCOOL LTDA           ;;G4 ;60918968000123;ESTRADA FAZENDA TUCURUVI, SN            ;MANDAGUARI               ;17830000;FLORIDA PAULISTA         ;SP ;;
103883;USA USINA SANTO ANGELO LTDA             ;;G1 ;19537471000161;ROD MG 427 KM 77, SN                    ;FAZ SAO CRISTOVAO        ;38210000;PIRAJUBA                 ;MG ;;
103917;DA MATA SA ACUCAR E ALCOOL              ;;G4 ;08110543000173;ESTR VPS 321 KM 22 8, S/N               ;ZONA RURAL               ;16880000;VALPARAISO               ;SP ;;
103921;USINA RIO PARDO SA                      ;;G4 ;08657268000102;ROD SP 280 CAST BRANCO KM 260 3 KM, SN  ;ENTRERIOS                ;18760000;CERQUEIRA CESAR          ;SP ;;
103935;VALE DO VERDAO SA ACUCAR E ALCOOL       ;;G3 ;02859452000230;FAZENDA BAESSA, SN                      ;ZONA RURAL               ;75970000;TURVELANDIA              ;GO ;;
103941;USINA BAZAN SA                          ;;G4 ;55109565000101;ACESSO FAZENDA DOIS CORREGOS, SN        ;ZONA RURAL               ;14180000;PONTAL                   ;SP ;;
103944;ATENA TECNOLOGIAS EM ENERG NATURAL LTDA ;;G4 ;07458537000149;ROD HOMERO SEVERO LINS KM 535 6, SN     ;LARANJA DOCE             ;19500000;MARTINOPOLIS             ;SP ;;
103945;CENTRAL ACUCAREIRA SANTO ANTONIO SA     ;;G3 ;12718011000190;USINA SANTO ANTONIO, SN                 ;ZONA RURAL               ;57920000;SAO LUIS DO QUITUNDE     ;AL ;;
103951;USINA BELA VISTA SA                     ;;G4 ;04969941000199;FAZENDA BELA VISTA, SN                  ;RURAL                    ;14180000;PONTAL                   ;SP ;;
103964;DESTILARIA GUARICANGA LTDA              ;;G4 ;47807797000105;ROD MARECHAL RONDON KM 383, SN          ;S LUIZ GUARICANGA        ;16670000;PRESIDENTE ALVES         ;SP ;;
103984;DIANA BIOENERGIA AVANHANDAVA SA         ;;G4 ;45902707000121;FAZENDA NOVA RECREIO, SN                ;FARELO                   ;16360000;AVANHANDAVA              ;SP ;;
104002;VALE DO PARANA SA ALCOOL E ACUCAR       ;;G4 ;05938884000143;ROD SP595 KM 84 800M ,SN                ;ZONA RURAL               ;15380000;SUZANAPOLIS              ;SP ;;
104015;JB ACUCAR E ALCOOL LTDA                 ;;G3 ;11427572000178;ROD PE 45 KM 14, SN                     ;ZONA RURAL               ;55600000;VITORIA DE SANTO ANTAO   ;PE ;;
104020;SAO FERNANDO ACUCAR E ALCOOL LTDA       ;;G3 ;05894060000208;ROD MS 379 SENTIDO LAGUNA CARAPA, SN    ;ZONA RURAL               ;79804970;DOURADOS                 ;MS ;;
104033;TRIUNFO AGROINDUSTRIAL LTDA             ;;G3 ;12733937000155;USINA TRIUNFO, SN                       ;USINA TRIUNFO            ;57680000;BOCA DA MATA             ;AL ;;
104043;ACUCAREIRA VIRGOLINO DE OLIVEIRA SA     ;;G4 ;07024792000264;FAZENDA GIULIA KM 1, SN                 ;ESTRADA  MUNICIPAL MO    ;15275000;MONCOES                  ;SP ;;
104044;COOP  COLON AGRO PEC INDL PINDORAMA LTDA;;G3 ;12229753000152;COLONIA PINDORAMA, SN                   ;PINDORAMA                ;57230000;CORURIPE                 ;AL ;;
104075;UMOE BIOENERGY SA                       ;;G4 ;03445208000455;FAZ TAQUARUSSU, SN                      ;ZONA RURAL               ;19250000;SANDOVALINA              ;SP ;;
104086;COMPANHIA ENERG VALE DO SAO SIMAO       ;;G1 ;08215996000164;FAZ PIRATININGA DE MINAS, SN            ;CHAVESLANDIA             ;38325000;SANTA VITORIA            ;MG ;;
104088;INDUSTRIAL PORTO RICO SA                ;;G3 ;12217832000224;FAZ SAO JOSE, SN                        ;ZONA RURAL               ;57250000;CAMPO ALEGRE             ;AL ;;
104103;USINA CAETE SA                          ;;G3 ;12282034000367;FAZ VILARINHO, SN                       ;ZONA RURAL               ;57280000;IGREJA NOVA              ;AL ;;
104104;USINA CAETE SA                          ;;G3 ;12282034000286;US CAETE, SN                            ;ZONA RURAL               ;57240000;SAO MIGUEL DOS CAMPOS    ;AL ;;
104258;TONON BIOENERGIA LTDA                   ;;G3 ;07914230000105;FAZENDA BOM RETIRO,SN                   ;VISTA ALEGRE             ;79150000;MARACAJU                 ;MS ;;
104263;TONON BIOENERGIA LTDA                   ;;G4 ;07914230000377;ROD JAU ARARAQUARA KM 129,SN            ;RURAL                    ;17240000;BOCAINA                  ;SP ;;
104275;BERTOLO AGROINDUSTRIAL LTDA             ;;G4 ;52317435000168;RUA QUEIROS,SN                          ;QUEIROZES                ;15820000;PIRANGI                  ;SP ;;
104308;USINA VERTENTE LTDA                     ;;G4 ;05242560000176;FAZ POSSES, SN                          ;ZONA RURAL               ;15420000;GUARACI                  ;SP ;;
104367;VIRALCOOL ACUCAR E ALCOOL LTDA          ;;G4 ;53811006000296;FAZ SANTA AMALIA, SN                    ;ZONA RURAL               ;16920000;CASTILHO                 ;SP ;;
104390;RAIZEN ENERGIA SA                       ;;G4 ;08070508008314;FAZ LAGO AZUL, SN                       ;PQ INDUSTRIAL I          ;16790000;BENTO DE ABREU           ;SP ;;
104398;USINA CONTINENTAL SA                    ;;G4 ;06026236000183;ROD BRIGADEIRO FARIA LIMA, SN           ;ZONA RURAL               ;14795000;COLOMBIA                 ;SP ;;
104414;USINA ITAJOBI LTDA ACUCAR E ALCOOL      ;;G4 ;43533819000399;ESTR BARRO PRETO A ELISIARIO, SN        ;ZONA RURAL               ;15845000;MARAPOAMA                ;SP ;;
104416;CIA ACUCAREIRA DE PENAPOLIS             ;;G4 ;61081840000200;RUA FAZENDA CAMPESTRE, SN               ;CAMPESTRE                ;16300000;PENAPOLIS                ;SP ;;
104420;BAMBUI BIOENERGIA SA                    ;;G1 ;07930999000206;ROD MG 827 KM 10, SN                    ;BAMBUI MEDEIROS          ;38900000;BAMBUI                   ;MG ;;
104428;BIOSEV BIOENERGIA SA                    ;;G4 ;49213747009840;VIA ANHANGUERA, SN                      ;ZONA RURAL               ;14680000;JARDINOPOLIS             ;SP ;;
104447;USINA SANTA ISABEL SA                   ;;G4 ;47524632000118;FAZ TRES PONTES, SN                     ;TRES PONTES              ;14960000;NOVO HORIZONTE           ;SP ;;
104461;CENTROALCOOL SA                         ;;G3 ;02896264000109;ROD GO 222, SN                          ;ZONA RURAL               ;75400000;INHUMAS                  ;GO ;;
104508;ADECOAGRO VALE DO IVINHEMA LTDA         ;;G3 ;07903169000109;EST CONTINENTAL KM 15 FAZ TAKUARE, SN   ;ZONA RURAL               ;79785000;ANGELICA                 ;MS ;;
104524;COCAL COM IND CANAA ACUCAR E ALCOOL LTDA;;G4 ;44373108000103;PARQUE PQ INDL DR CAMILO C MAGALHAES, SN;SAO MATHEUS              ;19700000;PARAGUACU PAULISTA       ;SP ;;
104529;USINA IACANGA DE ACUCAR E ALCOOL LTDA   ;;G4 ;07280328000158;ROD CEZARIO J DE CARVALHO 400 800 MT, SN;ZONA RURAL               ;17180000;IACANGA                  ;SP ;;
104534;CERRADINHO ACUCAR ETANOL E ENERGIA SA   ;;G4 ;47062997008233;EST MUNIC IBIRA  POTIRENDABA KM6 7M, SN ;ZONA RURAL               ;15105000;POTIRENDABA              ;SP ;;
104542;TEREOS ACUCAR E ENERGIA BRASIL S A      ;;G4 ;47080619000974;FAZ GUARANI, SN                         ;GUARANI                  ;14735000;SEVERINIA                ;SP ;;
104548;USINA CAETE SA                          ;;G3 ;12282034000600;FAZ CACHOEIRA, SN                       ;IPIOCA                   ;57030000;MACEIO                   ;AL ;;
104552;RAIZEN CENTROESTE ACUCAR E ALCOOL LTDA  ;;G3 ;08619844000399;ROD GO 050 KM328 COD 050E GO0290,SN     ;ZONA RURAL               ;75809899;JATAI                    ;GO ;;
104562;OUROESTE BIOENERGIA LTDA                ;;G4 ;05553456000100;RODOVIA ELYESER MONTENEGRO MAGALHAES, SN;ZONA RURAL               ;15685000;OUROESTE                 ;SP ;;
104569;USINA PANORAMA SA                       ;;G3 ;08704527000109;ROD BR 452 KM 60 FAZ BOA SORTE, SN      ;ZONA RURAL               ;75503970;ITUMBIARA                ;GO ;;
104578;USINA CAETE SA                          ;;G4 ;12282034001762;EST MUN PAULICEIA A SAO JOAO KM 7,SN    ;ZONA RURAL               ;17990000;PAULICEIA                ;SP ;;
104606;USINA CAETE SA                          ;;G1 ;12282034000871;ROD MG 427 KM 43, SN                    ;ZONA RURAL               ;38120000;CONCEICAO DAS ALAGOAS    ;MG ;;
104666;CIA BRASILEIRA DE ACUCAR E ALCOOL       ;;G3 ;02995097000730;ROD MS 395 KM 30, SN                    ;ZONA RURAL               ;79670000;BRASILANDIA              ;MS ;;
104880;COSAN SA IND COM                        ;;G4 ;50746577002916;COSTA PINTO, SN                         ;COSTA PINTO              ;13411901;PIRACICABA               ;SP ;;
104908;DESTILARIA ALCIDIA SA                   ;;G4 ;46448270000403;FAZ  ALCIDIA, SN                        ;ZONA RURAL               ;19280000;TEODORO SAMPAIO          ;SP ;;
104911;RAIZEN CENTRO SUL SA                    ;;G3 ;15527906003585;ROD BR 163  KM 329+600M, SN             ;ZONA RURAL               ;79130000;RIO BRILHANTE            ;MS ;;
104916;SA USINA CORURIPE ACUCAR E ALCOOL       ;;G3 ;12229415000200;POVOADO CAMACARI, S/N                   ;ZONA RURAL               ;57230000;CORURIPE                 ;AL ;;
104923;RAIZEN CENTRO SUL PAULISTA S.A          ;;G4 ;49213747011585;RUA FAZ SUCURI CX P 147, SN             ;ZONA RURAL               ;14640000;MORRO AGUDO              ;SP ;;
105108;ALCOLINA QUIMICA E DERIVADOS SA.        ;;G4 ;01133298000170;RUA PALETRANS, 400                      ;DISTRITO INDUSTRIAL      ;14140000;CRAVINHOS                ;SP ;;
105614;GEM AGROINDUSTRIAL E COMERCIAL LTDA     ;;G3 ;25006271000185;ROD BR 060 KM 308,SN                    ;PERIMETRO URBANO         ;75960000;ACREUNA                  ;GO ;;
106720;COFCO INTERNATIONAL BRASIL SA           ;;G4 ;06315338002405;FAZ BURITI, SN                          ;ZONA RURAL               ;15625000;MERIDIANO                ;SP ;;
106932;CIA ALCOOLQUIMICA NACIONAL ALCOOLQUIMICA;;G3 ;11699378000737;ROD PE 45 AREA KM 14 ENG CACHOEIRINHA,SN;ZONA RURAL               ;55602971;VITORIA DE SANTO ANTAO   ;PE ;;
107673;RAIZEN ENERGIA SA                       ;;G4 ;08070508012427;ESTACAO CORONEL QUITO AREA 1, SN        ;ZONA RURAL               ;14540000;IGARAPAVA                ;SP ;;
108023;RAIZEN ENERGIA SA                       ;;G4 ;08070508012508;FAZ DA SERRA AREA 1, SN                 ;ZONA RURAL               ;14815000;IBATE                    ;SP ;;
108026;RAIZEN ENERGIA SA                       ;;G4 ;08070508012184;ACESSO BAIRRO COSTA PINTO AREA1, SN     ;COSTA PINTO              ;13411900;PIRACICABA               ;SP ;;
108251;MONTEVERDE AGRO ENERGETICA SA           ;;G3 ;00143381000168;ROD BR 463 KM 35, SN                    ;ZONA RURAL               ;79900000;PONTA PORA               ;MS ;;
110082;RAIZEN ENERGIA SA                       ;;G4 ;08070508009558;FAZ SAO JOSE AREA 1 DIST PONTUNDUVA, SN ;ZONA RURAL               ;17201970;JAU                      ;SP ;;
110095;RAIZEN ENERGIA SA                       ;;G4 ;08070508009477;ACESSO BAIRRO CAMPESTRE AREA 1, SN      ;BAIRRO CAMPESTRE         ;13390970;RIO DAS PEDRAS           ;SP ;;
110097;RAIZEN ENERGIA SA                       ;;G4 ;08070508012265;RUA DO ENGENHO AREA 1, SN               ;CENTRO                   ;13370000;RAFARD                   ;SP ;;
110099;RAIZEN ENERGIA SA                       ;;G4 ;08070508009639;ACESSO FAZ SOBRADO AREA 1, SN           ;ZONA RURAL               ;13350000;ELIAS FAUSTO             ;SP ;;
110103;RAIZEN ENERGIA SA                       ;;G4 ;08070508009710;EST MIRANDOPOLIS PACAEMBU KM 13,5, SN   ;ZONA RURAL               ;16800000;MIRANDOPOLIS             ;SP ;;
110104;RAIZEN ENERGIA SA                       ;;G4 ;08070508012001;FAZ BOM RETIRO AREA 1, SN               ;ZONA RURAL               ;13360000;CAPIVARI                 ;SP ;;
110364;ACUCAREIRA VIRGOLINO DE OLIVEIRA SA     ;;G4 ;07024792000183;RUA FAZ CANOAS, SN                      ;ZONA RURAL               ;15200000;JOSE BONIFACIO           ;SP ;;
110671;USINA FRUTAL ACUCAR E ALCOOL SA         ;;G1 ;07455944000100;FAZ SAO BENTO DA RESSACA, SN            ;ZONA RURAL               ;38200000;FRUTAL                   ;MG ;;
110911;NG BIOENERGIA SA                        ;;G4 ;12877416000252;EST MUNICIPAL IBIRA A POTIRENDABA, SN   ;ZONA RURAL               ;15105000;POTIRENDABA              ;SP ;;
111190;NG BIOENERGIA SA                        ;;G4 ;12877416000171;ROD VICINAL JOSE FERNANDES, SN          ;ZONA RURAL               ;15800970;CATANDUVA                ;SP ;;
111416;USINA CERRADAO LTDA                     ;;G1 ;08056257000177;ROD MG 255 FAZENDA CERRADAO KM 30, SN   ;ZONA RURAL               ;38200000;FRUTAL                   ;MG ;;
113261;RAIZEN CAARAPO ACUCAR E ALCOOL LTDA     ;;G3 ;09538989000166;ROD MS 156 KM 12, SN                    ;REGIAO SUBURBANA         ;79940000;CAARAPO                  ;MS ;;
113268;COSAN CENTROESTE SA ACUCAR E ALCOOL     ;;G4 ;08619844000127;FAZ SAO JOSE SL 1 ESCR ADM U ADAMANTI,SN;POTUNDUVA                ;17201970;JAU                      ;SP ;;
113490;SAO MARTINHO SA                         ;;G4 ;51466860000156;FAZ SAO MARTINHO, SN                    ;ZONA RURAL               ;14850000;PRADOPOLIS               ;SP ;;
113535;SAO MARTINHO SA                         ;;G4 ;51466860002957;USINA IRACEMA,SN                        ;IRACEMAPOLIS             ;13495000;IRACEMAPOLIS             ;SP ;;
116116;USJ ACUCAR E ALCOOL SA                  ;;G3 ;44209336001106;ROD GO 206 KM 222, SN                   ;ZONA RURAL               ;75550000;INACIOLANDIA             ;GO ;;
116239;MIRIRI ALIMENTOS E BIOENERGIA           ;;G3 ;09090259000145;FAZ MIRIRI, SN                          ;ZONA RURAL               ;58300000;SANTA RITA               ;PB ;;
116241;IACO AGRICOLA SA                        ;;G3 ;07895728000682;ROD MS 425 KM 31, SN                    ;ZONA RURAL               ;79560000;CHAPADAO DO SUL          ;MS ;;
117158;VALE DO PONTAL ACUCAR E ETANOL LTDA     ;;G1 ;08057019000186;EST ANTONIO CABRERA MANO, SN            ;ZONA RURAL               ;38295000;LIMEIRA DO OESTE         ;MG ;;
117884;USINA ALTO ALEGRE SA ACUCAR E ALCOOL    ;;G1 ;48295562001965;ROD JOAO LUNARDELLI PR 170 KM 54,3, SN  ;ZONA RURAL               ;86165000;FLORESTOPOLIS            ;PR ;;
128933;LODES INDUSTRIA QUIMICA LTDA            ;;G4 ;08281692000103;RUA LUIZ FERRANTI, 197                  ;DISTRITO INDUSTRIAL      ;15400000;OLIMPIA                  ;SP ;;
131865;SJC BIOENERGIA LTDA                     ;;G3 ;10249419000216;ROD GO 206 KM 18 FAZ SAO FRANCISCO, SN  ;ZONA RURAL               ;75860000;QUIRINOPOLIS             ;GO ;;
132421;COCAL COM IND CANAA ACUCAR E ALCOOL LTDA;;G4 ;44373108000600;ESTR MUNICIPAL NRD, SN                  ;FAZ MOSQUITO             ;19220000;NARANDIBA                ;SP ;;
132774;COMPANHIA ENERGETICA SAO JOSE           ;;G4 ;05266880000166;ROD BRIG F LIMA FAZ S JOAQUIM KM 410, SN;ZONA RURAL               ;14770000;COLINA                   ;SP ;;
137351;COSTA BIOENERGIA LTDA                   ;;G1 ;08089046000130;ESTR JOAO BARANIUK KM 05, SN            ;SERRA DOS DOURADOS       ;87518000;UMUARAMA                 ;PR ;;
137664;FLORESTA S A ACUCAR E ALCOOL            ;;G3 ;08048772000105;ROD BR 060 KM 351, SN                   ;ZONA RURAL               ;75935000;SANTO ANTONIO DA BARRA   ;GO ;;
138415;CLEALCO ACUCAR E ALCOOL S A             ;;G4 ;45483450000110;ROD SP 425 ENTRONC SP 463, SN           ;ZONA RURAL               ;16250000;CLEMENTINA               ;SP ;;
138421;CLEALCO ACUCAR E ALCOOL S A             ;;G4 ;45483450002164;R FAZENDA PUSA ALEGRE, SN               ;ZONA RURAL               ;17590000;QUEIROZ                  ;SP ;;
138511;CERRADINHO BIOENERGIA SA                ;;G3 ;08322396000103;ROD GO 50 KM 11 A 50, SN                ;ZONA RURAL               ;75828000;CHAPADAO DO CEU          ;GO ;;
139112;JALLES MACHADO SA                       ;;G3 ;02635522004930;AREA RURAL KM 33 ESQUERDA 3KM,SN        ;ZONA RURAL               ;76388899;GOIANESIA                ;GO ;;
142016;USINA BATATAIS S A ACUCAR E ALCOOL      ;;G4 ;54470679000101;RUA END USINA BATATAIS, SN              ;ZONA RURAL               ;14300000;BATATAIS                 ;SP ;;
142097;USINA BATATAIS S A ACUCAR E ALCOOL      ;;G4 ;54470679001183;AV FAZ RIO DOURADO CX POSTAL 173, SN    ;ZONA RURAL               ;16401300;LINS                     ;SP ;;
142337;BRENCO COMP BRAS DE ENERGIA RENOVAVEL   ;;G3 ;08070566001173;ROD BR 364 KM 256, SN                   ;ZONA RURAL               ;75823000;PEROLANDIA               ;GO ;;
142578;CENTRAL ENERGETICA VALE DO SAPUCAI LTDA ;;G4 ;00372496000124;ESTR DO MAROLO KM 25, SN                ;RURAL CHAGAS             ;14415000;PATROCINIO PAULISTA      ;SP ;;
144217;USINA UBERABA SA                        ;;G1 ;07674341000191;FAZ UBERABA EST 304 ROD MG190 KM 2+5M,SN;ZONA RURAL               ;38001970;UBERABA                  ;MG ;;
144809;TEREOS ACUCAR E ENERGIA BRASIL S A      ;;G4 ;47080619003302;FAZ MANDU KM 146, SN                    ;ZONA RURAL               ;14790000;GUAIRA                   ;SP ;;
146527;RAIZEN ARARAQUARA ACUCAR E ALCOOL LTDA  ;;G4 ;43960335000164;FAZ SAO JOAQUIM CX POSTAL 383, SN       ;ZONA RURAL               ;14801970;ARARAQUARA               ;SP ;;
153975;USIMAT DESTILARIA DE ALCOOL LTDA        ;;G3 ;07670089000142;ROD MT 232 DIS ALTO JURUENA, SN         ;ZONA RURAL               ;78307000;CAMPOS DE JULIO          ;MT ;;
156472;DUPONT DO BRASIL SA                     ;;G4 ;61064929000330;RUA BORTOLO FERRO, 500 A                ;POCO FUNDO               ;13148902;PAULINIA                 ;SP ;;
158334;CEREALE BRASIL AGROINDUSTRIAL LTDA EPP  ;;G4 ;07825834000185;QUADRA 200 LOTE 21 A, SN                ;MARIANO LOPES            ;17300000;DOIS CORREGOS            ;SP ;;
159053;DESTILARIA LONDRA LTDA                  ;;G4 ;49605157000210;EST VIC US IRACEMA LONDRA KM 22 3, SN   ;FUNDO DA VARGEM          ;18730000;ITAI                     ;SP ;;
159216;COFCO BRASIL SA                         ;;G4 ;06315338015140;ROD VIC J FERNANDES KM 01 MAIS 881 M, SN;ZONA RURAL               ;15800970;CATANDUVA                ;SP ;;
163059;FIGUEIRA INDUSTRIA E COMERCIO SA        ;;G4 ;08391345000125;ESTR DA PEDREIRA, SN                    ;ZONA RURAL               ;15290000;BURITAMA                 ;SP ;;
163281;DESTILARIA GENERALCO SA                 ;;G4 ;44845915000173;ESTR DA SERRINHA KM 8, SN               ;ZONA RURAL               ;15300000;GENERAL SALGADO          ;SP ;;
165254;COFCO INTERNATIONAL BRASIL SA           ;;G4 ;06315338002324;ESTR VIC STS 50 ANTONIO A VALE KM10,SN  ;ZONA RURAL               ;15180000;SEBASTIANOPOLIS DO SUL   ;SP ;;
168245;USINA AURORA ACUCAR E ALCOOL LTDA       ;;G3 ;08395185000192;ROD MS 276 KM 37, SN                    ;ZONA RURAL               ;79770000;ANAURILANDIA             ;MS ;;
168333;USINA ACUCAREIRA PASSOS SA              ;;G1 ;23272271000100;FAZ SOLEDADE, SN                        ;ZONA RURAL               ;37900013;PASSOS                   ;MG ;;
170207;DASA DESTILARIA DE ALCOOL S AIMORES SA  ;;G1 ;18054379000188;ROD MARGEM DA BR 418 KM 3, SN           ;ZONA RURAL               ;39868000;SERRA DOS AIMORES        ;MG ;;
172555;SANTA CRUZ ACUCAR E ALCOOL LTDA         ;;G3 ;00738822000255;FAZ SANTA CLARA ZONA RURAL, SN          ;SEDE                     ;45807000;SANTA CRUZ CABRALIA      ;BA ;;
174551;SADA BIO ENERGIA E AGRICULTURA LTDA     ;;G1 ;06044698000808;R LT 3022 PROJ JAIBA ETAPA II GL G1, SN ;JAIBA                    ;39508000;JAIBA                    ;MG ;;
174817;COMPANHIA AGRIC USINA JACAREZINHO       ;;G1 ;61231478000206;ROD BR 153 KM 9,SN                      ;USINA                    ;86400000;JACAREZINHO              ;PR ;;
178139;ACUCAR E ALCOOL BANDEIRANTES SA         ;;G1 ;75619056000128;ROD BR 369 KM 53 , SN                   ;AGUA DO CAIXAO           ;86360000;BANDEIRANTES             ;PR ;;
179467;DESTILARIA DE ALCOOL LIBRA LTDA         ;;G4 ;00297598000122;ROD MT 10 KM 50, SN                     ;ZONA RURAL               ;78435000;SAO JOSE DO RIO CLARO    ;MT ;;
181163;SOLAZYME BUNGE PRODUTOS RENOVAVEIS LTDA ;;G4 ;13190609000112;FAZENDA MOEMA, SN                       ;ZONA RURAL               ;15480000;ORINDIUVA                ;SP ;;
181931;SJC BIOENERGIA LTDA                     ;;G3 ;10249419000305;ROD GO 206 KM 25 BL A FAZ BOA VISTA, SN ;ZONA RURAL               ;75560000;CACHOEIRA DOURADA        ;GO ;;
184041;SANTA MARIA INDUSTRIA DE ALCOOL LTDA    ;;G4 ;06046699000107;EST MUN BAIRRO NUNES SIT STO ANTONIO, SN;DOS NUNES                ;18780000;MANDURI                  ;SP ;;
195450;BRENCO COMP BRAS DE ENERGIA RENOVAVEL   ;;G3 ;08070566001254;ROD GO 341 KM 67 DIREITA 13 K, SN       ;ZONA RURAL               ;75830970;MINEIROS                 ;GO ;;
196217;BRENCO COMP BRAS DE ENERGIA RENOVAVEL   ;;G3 ;08070566001769;ROD MT 100 KM 51 LADO ESQUERDO, SN      ;ZONA RURAL               ;78785000;ALTO TAQUARI             ;MT ;;
197433;CLEALCO ACUCAR E ALCOOL S A             ;;G4 ;45483450000200;ROD RAUL F CASASCO FAZ CAMPEST KM 06, SN;CAMPESTRE                ;16300000;PENAPOLIS                ;SP ;;
204855;ALCOLINA NORDESTE COM PROD QUIM LTDA EPP;;G3 ;09120576000167;LOTE SAO CAETANO,02                     ;PREFEITO ANTONIO L DE    ;57100000;RIO LARGO                ;AL ;;
205603;ADECOAGRO VALE DO IVINHEMA LTDA         ;;G3 ;07903169001768;ROD MS 141 KM 10 FAZ CARMEN GLB UBIR, SN;ZONA RURAL               ;79740000;IVINHEMA                 ;MS ;;
206544;DESTILARIAS MELHORAMENTOS SA            ;;G1 ;45777166000238;EST JUSSARA DESTILARIA IVAI, SN         ;ZONA RURAL               ;87230000;JUSSARA                  ;PR ;;
209268;RAIZEN CENTRO SUL PAULISTA S.A          ;;G4 ;49213747012980;ROD BRIG F LIMA KM 458 FAZ CONT GL B, SN;ZONA RURAL               ;14795000;COLOMBIA                 ;SP ;;
210619;USINA SAO PAULO ENERGIA E ETANOL SA     ;;G3 ;05935048000105;ROD GO 210 KM 98, SN                    ;ZONA RURAL               ;75603000;PORTEIRAO                ;GO ;;
211193;AGRO IND TARUMA LTDA                    ;;G4 ;00223284000185;ROD SEBASTIAO T COELHO KM 4, SN         ;TARUMA                   ;18940970;SAO PEDRO DO TURVO       ;SP ;;
213832;AGRO ENERGIA SANTA LUZIA SA             ;;G3 ;08906558000142;ROD BR 267 KM 231 FAZ SAO SEBASTIAO, SN ;ZONA RURAL               ;79140000;NOVA ALVORADA DO SUL     ;MS ;;
214460;FIGUEIRA INDUSTRIA E COMERCIO SA        ;;G4 ;08391345000397;ROD CARAM REZEK KM 16, SN               ;ZONA RURAL               ;16058703;ARACATUBA                ;SP ;;
216101;USINA ELDORADO SA                       ;;G3 ;05620523000235;ROD MS 145 KM 49 FAZ S PEDRO, SN        ;ZONA RURAL               ;79130000;RIO BRILHANTE            ;MS ;;
216631;BOM SUCESSO AGROINDUSTRIA LTDA          ;;G3 ;11092881000134;ROD GO 210 KM 335,1, SN                 ;ZONA RURAL               ;75600000;GOIATUBA                 ;GO ;;
216948;CACU COM E IND DE ACUCAR E ALCOOL LTDA  ;;G3 ;07996345000196;ROD GO 487 KM 20 EXTEN GO 595 KM 3,SN   ;SETOR PARQUE INDUSTRIAL  ;75555000;VICENTINOPOLIS           ;GO ;;
217406;DESTILARIA AMERICANA SA                 ;;G1 ;75625608000100;ESTR FAZENDA PALMARES, SN               ;GLEBA AMERICANA          ;86230000;NOVA AMERICA DA COLINA   ;PR ;;
217811;USINA SANTA ROSA LTDA                   ;;G4 ;45483146000173;RUA FAZ STA ROSA, SN                    ;QUILOMBO                 ;18550000;BOITUVA                  ;SP ;;
217950;APOENA AGROINDUSTRIAL LTDA              ;;G4 ;12316269000160;ROD JOSE BIAZINI, 590                   ;VL ADELINO S DE CARVALHO ;19500000;MARTINOPOLIS             ;SP ;;
218587;CLARION SA AGROINDUSTRIAL               ;;G1 ;24956666000267;ROD PR 435 KM 35, SN                    ;SANTA LAURA              ;84900000;IBAITI                   ;PR ;;
220130;FIGUEIRA INDUSTRIA E COMERCIO SA        ;;G4 ;08391345000206;ESTR DA SERRINHA KM 8, SN               ;ZONA RURAL               ;15300000;GENERAL SALGADO          ;SP ;;
221343;CBB COMP BIO BRASILEIRA RECUP JUDICIAL  ;;G3 ;37848595000140;ROD BR 020 A ESQ 25 KM, SN              ;ZONA RURAL               ;73825000;VILA BOA                 ;GO ;;
225739;ALVORADA DO BEBEDOURO SA AC E ALCOOL    ;;G1 ;21706155000118;ROD DO CAFE BR 491 KM 64, SN            ;ZONA RURAL               ;37810000;GUARANESIA               ;MG ;;
229318;FREITAS ALCOOL IND E COMERCIO EIRELI    ;;G4 ;10641011000104;ESTR SPT 050 KM 01, SN                  ;ESTRADA BOIADEIRA        ;18940000;SAO PEDRO DO TURVO       ;SP ;;
233184;DISA DESTILARIA ITAUNAS SA              ;;G1 ;27575950000281;ROD BR 101 KM 392, SN                   ;SAYONARA                 ;29960000;CONCEICAO DA BARRA       ;ES ;;
235300;USINA ITAJOBI LTDA ACUCAR E ALCOOL      ;;G4 ;43533819000127;ESTR BARRO PRETO A ELISIARIO TAPERAO, SN;ZONA RURAL               ;15845000;MARAPOAMA                ;SP ;;
241273;COM E TRANSPORTES FILIPPINI LTDA        ;;G2 ;94553906000187;RUA SANTOS DUMONT, 786                  ;SAO CRISTOVAO            ;99709434;ERECHIM                  ;RS ;;
241434;USINA UBIRALCOOL LTDA EPP               ;;G4 ;03135648000163;RUA UBIRAJARA ALVINLANDI KM 02, SN      ;A CACADOR                ;17440970;UBIRAJARA                ;SP ;;
242750;BRENCO COMP BRAS DE ENERGIA RENOVAVEL   ;;G3 ;08070566001688;AV JOSE FERREIRA DA COSTA, 2395         ;VILA SANTANA             ;79550000;COSTA RICA               ;MS ;;
244939;RIO CLARO AGROINDUSTRIAL SA             ;;G3 ;08598391000108;ESTR CAW1 FAZ STO ANTONIO BR 364 KM61,SN;ZONA RURAL               ;75813000;CACU                     ;GO ;;
247512;TROPICAL BIOENERGIA  SA                 ;;G3 ;08195806000194;ROD GO 410 FAZ CANADA, SN               ;ZONA RURAL               ;75940000;EDEIA                    ;GO ;;
248676;COOP AGROINDUSTRIAL NOVA PRODUTIVA      ;;G1 ;03345641000338;EST VICINAL ASTORGA JAGUAPITA KM 21, SN ;SANTA ZELIA              ;86730000;ASTORGA                  ;PR ;;
253391;ROGERIO CARLOS BUZZO                    ;;G4 ;10998897000148;SITIO SAO JOAO, SN                      ;AGUA DA BOA VISTA        ;19820000;TARUMA                   ;SP ;;
253695;EBER BIOENERGIA E AGRICULTURA LTDA      ;;G3 ;09075242000119;ROD BR 070 KM 30 A ESQ 3 KM, SN         ;ZONA RURAL               ;76255000;MONTES CLAROS DE GOIAS   ;GO ;;
254012;USINA GOIANESIA SA                      ;;G3 ;02460988000105;ROD GO 438 KM 12 FAZ SAO CARLOS, SN     ;ZONA RURAL               ;76380000;GOIANESIA                ;GO ;;
254463;COOP AGRIC REG PRODUTORES DE CANA LTDA  ;;G1 ;78340270000210;ROD PR 559 KM 6 EST VIC DIV KM 1, SN    ;JURANDA                  ;87770000;SAO CARLOS DO IVAI       ;PR ;;
255944;IND COM DE BEBIDAS SEIS LAGOAS TDA      ;;G4 ;49049638000106;RUA FAZ SANTA CRUZ, SN                  ;RURAL                    ;17380000;BROTAS                   ;SP ;;
255945;CAPUAVA INSDUSTRIA E COMERCIO LTDA      ;;G4 ;54362447000130;ROD SP 127 KM 21 CX POSTAL 59, SN       ;VILA NOVA                ;13413050;PIRACICABA               ;SP ;;
256696;ITUMBIARA BIOENERGIA SA                 ;;G3 ;08517600000133;EST MUN ITUMBIARA A CAC DOURADA KM18, SN;ZONA RURAL               ;75503970;ITUMBIARA                ;GO ;;
257441;BP BIOENERGIA ITUIUTABA LTDA            ;;G1 ;08164344000148;FAZ RECANTO, SN                         ;ZONA RURAL               ;38300898;ITUIUTABA                ;MG ;;
257710;PORTO SEGURO NEG EMPR E PARTIC LTDA     ;;G3 ;11689292000219;FAZ USINA PORTO SEG BR 364 AL KM 289,SN ;ZONA RURAL               ;78820000;JACIARA                  ;MT ;;
272503;CENTRAL ENERGETICA VICENTINA LTDA       ;;G3 ;07863768000138;FAZ DOIS CORREGOS LT 43 QD 20, SN       ;2 ZONA DO NUCLEO COLONIAL;79710000;VICENTINA                ;MS ;;
276724;COFCO INTERNATIONAL BRASIL SA           ;;G4 ;06315338015060;EST MUN IBIRA A POTIRENDABA KM 6 P II,SN;ZONA RURAL               ;15105000;POTIRENDABA              ;SP ;;
276725;ARAPORA BIOENERGIA SA                   ;;G1 ;19818301000155;ROD BR 153 KM 03, SN                    ;ZONA RURAL               ;38435000;ARAPORA                  ;MG ;;
279521;RAIZEN PARAGUACU LTDA                   ;;G4 ;52189420001052;FAZ SANTA AMELIA, SN                    ;ZONA RURAL               ;19840000;MARACAI                  ;SP ;;
279522;RAIZEN PARAGUACU LTDA                   ;;G4 ;52189420000919;FAZ NOVA AMERICA, SN                    ;AGUA DA ALDEIA           ;19820000;TARUMA                   ;SP ;;
284718;USINA DE ACUCAR E ALCOOL GOIOERE LTDA   ;;G1 ;77264224000135;ROD PR 180 KM 174, SN                   ;ZONA RURAL               ;87370000;MOREIRA SALES            ;PR ;;
285287;COOPERATIVA AGROINDUST RUBIATABA LTDA   ;;G3 ;03347747000109;RODOVIA GO 434 KM 24, SN                ;ZONA RURAL               ;76350000;RUBIATABA                ;GO ;;
285294;ENERGETICA SERRANOPOLIS LTDA            ;;G3 ;05643160000172;ROD GO 184 KM 65 COMPX. IND. ALCOO.,S N ;ZONA RURAL               ;75820000;SERRANOPOLIS             ;GO ;;
285784;CAMBUI ACUCAR E ALCOOL                  ;;G3 ;09022388000104;ROD BR 452 KM 33, SN                    ;ZONA RURAL               ;75920000;SANTA HELENA DE GOIAS    ;GO ;;
317878;PAGRISA PARA PASTORIL E AGRICOLA SA     ;;G3 ;05459177000174;ROD BR 010 KM 1565, SN                  ;ZONA RURAL               ;68632000;ULIANOPOLIS              ;PA ;;
318160;NOVA UNIALCO SPE II LTDA                ;;G4 ;26745772000146;EST VICI ANGELO ZANCANER KM 30 P2 SB, SN;ZONA RURAL               ;16700000;GUARARAPES               ;SP ;;
321100;SAFRAS ARMAZENS GERAIS LTDA             ;;G3 ;11644786000104;AV. IDEMAR RIEDI, 9922                  ;INDUSTRIAL 1 ETAPA       ;78890000;SORRISO                  ;MT ;;
334518;LASA LAGO AZUL SA                       ;;G3 ;02678100000105;RODOVIA BR 50, SN                       ;ZONA RURAL               ;75780000;IPAMERI                  ;GO ;;
335270;FS AGRISOLUTIONS IND BIOCOMBUSTVEIS LTDA;;G3 ;20003699000150;ROD MT 449 KM 5, SN                     ;DIST IND SEN ATILO FONTA ;78455000;LUCAS DO RIO VERDE       ;MT ;;
337114;DESTILARIA MELHORAMENTOS S A            ;;G1 ;49333800000709;ESTRADA JUSSARA, SN                     ;ZONA RURAL               ;87230000;JUSSARA                  ;PR ;;
338503;SAFRAS IND E COM DE BIOCOMBUSTIVEIS LTDA;;G3 ;25242466000124;ROD BR 163 KM 784, SN                   ;ZONA RURAL               ;78893454;SORRISO                  ;MT ;;
338753;DESTILARIA MELHORAMENTOS SA             ;;G1 ;49333800000628;ROD BR 376 KM 36 LOTE 7A, SN            ;ZONA RURAL               ;87970000;NOVA LONDRINA            ;PR ;;
352532;COFCO BRASIL SA                         ;;   ;06315338000119;RUA SANSAO ALVES DOS SANTOS, 400        ;CID MONCOES              ;4571090;SAO PAULO                ;SP ;;
353100;COOPERVAL COOP AGRO VALE DO IVAI LTDA   ;;G1 ;75084871000130;ROD BR 369 KM 12, SN                    ;DIS S JOSE               ;86900000;JANDAIA DO SUL           ;PR ;;
363095;DESTILARIA BURITI                       ;;G3 ;10921675000127;ROD BR 163 KM 767 MAIS 7 KM A DIR, SN   ;ZONA RURAL               ;78900000;SORRISO                  ;MT ;;
371562;SONORA ESTANCIA SA                      ;;G3 ;47902283000120;RUA DA CANA,178                         ;CENTRO                   ;79415000;SONORA                   ;MS ;;
372126;CRV INDUSTRIAL LTDA                     ;;G3 ;03937452000192;ROD GO 334 KM 3, SN                     ;ZONA SUBURBANA           ;76340000;CARMO DO RIO VERDE       ;GO ;;
372128;USINA CONQUISTA DO PONTAL SA            ;;G4 ;07298800000180;ROD SP 563 ANEXO KM 13,SN               ;FAZ CONQUISTA PONTAL     ;19260000;MIRANTE DO PARANAPANEMA  ;SP ;;
372468;URUACU ACUCARE ALCOOL LTDA              ;;G3 ;07987748000179;ESTR AGUA BRANCA KM 13, SN              ;ZONA RURAL               ;76400000;URUACU                   ;GO ;;
374145;BIOFLEX AGRO ENERGIA RENOVAVEL LTDA     ;;G3 ;26777342000106;ROD VELHA MAT POCONE A CACERES KM 02,SN ;SAO JUDAS TADEU          ;78175000;POCONE                   ;MT ;;
392089;INPASA AGROINDUSTRIAL SA                ;;G3 ;29316596000115;ROD BR 163 KM 817,SN                    ;ZONA RURAL               ;78558970;SINOP                    ;MT ;;
394113;USINA SAO DOMINGOS ACUCAR E ETANOL SA   ;;G4 ;47063128000168;ROD VICENTE SANCHEZ KM7,SN              ;ZONA RURAL               ;15812025;CATANDUVA                ;SP ;;
395969;USINA CAROLO SA ACUCAR E ALCOOL         ;;G4 ;55109474000168;RUA FAZ CONTENDAS, SN                   ;ZONA RURAL               ;14180000;PONTAL                   ;SP ;;
397204;RAIZEN ENERGIA SA                       ;;G4 ;08070508015876;ROD SP 197 KM 7 SALA 3, SN              ;ZONA RURAL               ;17380000;BROTAS                   ;SP ;;
405282;ETAMIL BIOENERGIA SA                    ;;G3 ;24009558000104;ROD BR 364 KM 864 ACESSO MT 495,SN      ;ZONA RURAL               ;78360000;CAMPO NOVO DO PARECIS    ;MT ;;
407683;FS AGRISOLUTIONS IND BIOCOMBUSTVEIS LTDA;;G3 ;20003699000231;ROD BR 163,SN                           ;ZONA RURAL               ;78898000;SORRISO                  ;MT ;;
411796;INPASA BIOENERGIA SA                    ;;G3 ;27026451000154;ROD BR 163 KM 603,SN                    ;DISTRITO INDUSTRIAL      ;78450000;NOVA MUTUM               ;MT ;;
414061;JATAI AGROINDUSTRIA DE BIO COMBUSTIVEL  ;;G3 ;07445656000167;RUA 3 Q 05 LOTE 1 A 14,454              ;DISTRITO AGROINDUSTRIAL  ;75801879;JATAI                    ;GO ;;
414211;RAIZEN ENERGIA SA                       ;;G4 ;08070508015795;ROD JAU ARARAQUARA SL3 KM 129 GLEBA,SN  ;ZONA RURAL               ;17240000;BOCAINA                  ;SP ;;
414554;ENERGETICA SANTA HELENA SA              ;;G3 ;37216363000250;ROD MS 134, SN                          ;RURAL                    ;79750000;NOVA ANDRADINA           ;MS ;;
416639;USINA DE ALCOOL TRES IRMAOS LTDA        ;;G3 ;29204243000123;LOT RUR ELD GB IPIRANGA FAZ CACULA II,SN;ZONA RURAL               ;78578000;IPIRANGA DO NORTE        ;MT ;;
418824;ALCOLINA QUIMICA E DERIVADOS LTDA       ;;INT;                    ;CPJN # 01.133.298/0001-70               ;                         ;14140000;CRAVINHOS                ;SP ;;
421365;TIAGO M DE ALMEIDA                      ;;G3 ;23393856000170;ROD BR 163 KM 931,SN                    ;SETOR INDUSTRIAL         ;78510000;ITAUBA                   ;MT ;;
421735;PEDRO AFONSO ACUCAR E BIOENERGIA LTDA   ;;G3 ;09067572000162;ROD TO 010 KM 20,SN                     ;ZONA RURAL               ;77710000;PEDRO AFONSO             ;TO ;;
421847;IBERIA INDUSTRIAL E COMERCIAL LTDA      ;;G4 ;04839268000253;ACESSO USINA IBERIA, SN                 ;ZONA RURAL               ;19740000;BORA                     ;SP ;;
423055;ALD BIOENERGIA DECIOLANDIA SA           ;;G3 ;23887964000107;ROD BR 364 KM 738, SN                   ;ZONA RURAL               ;78415000;NOVA MARILANDIA          ;MT ;;
423417;AGROINDUSTRIAL SANTA JULIANA LTDA       ;;G1 ;05980986000127;FAZ SANTA BARBARA,SN                    ;ZONA RURAL               ;38175000;SANTA JULIANA            ;MG ;;
427518;VALE DO TIJUCO ACUCAR E ALCOOL SA       ;;G4 ;08493354000127;ROD BR 050 KM 116,SN                    ;AREA RURAL DE UBERABA    ;38099899;UBERABA                  ;MG ;;
427895;CANAPOLIS ACUCAR E ETANOL SA            ;;G1 ;28144326000101;ROD BR 365 KM 734,SN                    ;ZONA RURAL               ;38380000;CANAPOLIS                ;MG ;;
429293;COMPANHIA ACUC CENTRAL SUMAUMA - EM RECU;;G3 ;12478095000132;FAZ CHARLES, SN                         ;ZONA RURAL               ;57160000;MARECHAL DEODORO         ;AL ;;
431844;FATIMA DO SUL AGRO ENERG ACUCAR E ALCOOL;;G3 ;08830263000130;ROD DO BARREIRINHO LOTES 2 3 4 QD 43,SN ;ZONA RURAL               ;79700000;FATIMA DO SUL            ;MS ;;
432188;ONDA VERDE AGROCOMERCIAL SA             ;;G4 ;04248044000277;AREA ESTANCIA VALE DO RIO TURVO, SN     ;ZONA RURAL               ;15450000;ONDA VERDE               ;SP ;;
433029;IND E COM DESTILARIA MANTO AZUL EIRELI  ;;G3 ;32765581000149;ROD POXOREO PARANATING MARG ESQ KM 13,SN;ZONA RURAL               ;78850000;PRIMAVERA DO LESTE       ;MT ;;
436782;RIO AMAMBAI AGROENERGIA SA              ;;G3 ;23858708000183;RODOVIA BR 163 KM 118, SN               ;ZONA RURAL               ;79950000;NAVIRAI                  ;MS ;;
437275;USINA GRANELLI LTDA                     ;;G4 ;56624174000180;FAZENDA SAO BENEDITO, SN                ;PARAISOLANDIA            ;13519899;CHARQUEADA               ;SP ;;
437496;LASA LINHARES AGROINDUSTRIAL SA         ;;G3 ;27291400000150;FAZ CORREGO DAS PEDRAS CX POSTAL 303, SN;ZONA RURAL               ;29918899;LINHARES                 ;ES ;;
440351;INPASA AGROINDUSTRIAL SA                ;;G3 ;29316596000468;ROD BR 163 KM 603,SN                    ;DISTRITO INDUSTRIAL      ;78450000;NOVA MUTUM               ;MT ;;
440962;SAO MARTINHO SA                         ;;G3 ;51466860006278;ROD GO 164 FAZ BOA VISTA KM 10,SN       ;ZONA RURAL               ;75860000;QUIRINOPOLIS             ;GO ;;
441392;USINA TERMO ELETRICA IOLANDO LEITE LTDA ;;G3 ;06941800000193;ROD MANOEL DANTAS KM 03,SN              ;ZONA RURAL               ;49700000;CAPELA                   ;SE ;;
441449;MONTEPINHO ALCOOL LTDA                  ;;G4 ;12255284000146;SITIO PEROBAS, SN                       ;PEROBAS                  ;18900000;SANTA CRUZ DO RIO PARDO  ;SP ;;
441682;INPASA AGROINDUSTRIAL SA                ;;G3 ;29316596000204;RODOVIA BR 163 KM 243, SN               ;AREA RURAL DE DOURADOS   ;79849899;DOURADOS                 ;MS ;;
441871;USINA SAO JOSE DO PINHEIRO LTDA         ;;G3 ;13324215000100;POVOADO PINHEIRO, SN                    ;ZONA RURAL               ;49170000;LARANJEIRAS              ;SE ;;
445546;CJ SELECTA SA                           ;;G1 ;00969790000541;RODOVIA MG 029 KM 2, SN                 ;ZONA INDUSTRIAL          ;38446306;ARAGUARI                 ;MG ;;
448360;COMPANHIA MELHORAMENTOS NORTE DO PARANA ;;G1 ;61082962000393;ESTRADA JUSSARA, SN                     ;ZONA RURAL               ;87230000;JUSSARA                  ;PR ;;
448916;RAIZEN CAARAPO SA ACUCAR E ALCOOL       ;;G4 ;09538989000670;FAZ SANTA AMELIA, SN                    ;ZONA RURAL               ;19840000;MARACAI                  ;SP ;;
449022;RAIZEN CAARAPO ACUCAR E ALCOOL LTDA     ;;G4 ;09538989000751;FAZ NOVA AMERICA SETOR ADM,SN           ;AGUA DA ALDEIA           ;19820000;TARUMA                   ;SP ;;
449810;COMPANHIA MELHORAMENTOS NORTE DO PARANA ;;G1 ;61082962000474;ROD BR 376 KM 36 LOTE 4A SL 01,SN       ;ZONA RURAL               ;87970000;NOVA LONDRINA            ;PR ;;
449971;COOP AGRO DA ASS FORN DE CANA DE ACUCAR ;;G3 ;11169030000223;USINA CRUANGI,SN                        ;ZONA RURAL               ;55870000;TIMBAUBA                 ;PE ;;
453354;AGRO SERRA INDUSTRIAL LTDA              ;;G3 ;11035672000159;ETR FN 01 KM 38, SN                     ;ZONA RURAL               ;65840000;SAO R DAS MANGABEIRAS    ;MA ;;
455094;JANGADA AGROPASTORIL LTDA               ;;G3 ;03263498000173;ROD BR 163 KM 72,SN                     ;ZONA RURAL               ;78490000;JANGADA                  ;MT ;;
459978;COOP DOS PROD DE CANA DE AC DA MATA SUL ;;G3 ;34671567000101;FAZ AMARAJI A VAPOR,SN                  ;ZONA RURAL               ;55520000;RIBEIRAO                 ;PE ;;
460881;CIA ALCOOLQUIMICA NACIONAL ALCOOLQUIMICA;;G3 ;11699378000141;ROD PE 045 KM 14 ENGENHO CACHOEIRINHA,SN;ZONA RURAL               ;55600000;VITORIA DE SANTO ANTAO   ;PE ;;
460994;CARAMURU ALIMENTOS SA                   ;;G3 ;00080671005845;RUA AYRTON SENNA QD 5A LT 03,415        ;IND NOVA PRATA           ;78890000;SORRISO                  ;MT ;;
462851;HENERGY AGRONEGOCIO LTDA                ;;G3 ;09159614000276;FAZ SANTA RITA ROD GO 222 KM 3 A DIR ,SN;ZONA RURAL               ;75400970;INHUMAS                  ;GO ;;
464034;CARAMURU ALIMENTOS SA                   ;;G3 ;00080671002668;RUA AYRTON SENNA, 628                   ;NOVA PRATA               ;78898113;SORRISO                  ;MT ;;
464600;RAIZEN ENERGIA SA                       ;;G4 ;08070508016414;EST VICINAL FRANCISCO JOSE ZANIN, 4     ;7 DISTRITO INDUSTRIAL    ;14800659;ARARAQUARA               ;SP ;;
464902;MOEMA BIOENERGIA S.A                    ;;G4 ;49972326003861;ROD BR 463 KM 35, SN                    ;zona rural               ;79904970;PONTA PORA               ;MS ;;
465771;RAIZEN CAARAPO ACUCAR E ALCOOL LTDA     ;;G4 ;09538989000409;SITIO PARAALCOOL, SN                    ;BREJAO                   ;19714899;PARAGUACU PAULISTA       ;SP ;;
466151;AGRO IND  VALE DO SAO FRANCISCO SA AGROV;;G3 ;13642699000135;FAZ MASSAYO JUAZEIRO,SN                 ;ZONA RURAL               ;48903970;JUAZEIRO                 ;BA ;;
467045;FS I INDUSTRIA DE ETANOL SA             ;;G3 ;46710597000240;ROD MT130 KM 253 A ESQ  LTE 1 Q 1,SN    ;ZONA DE EXP URBANA IND   ;78850000;PRIMAVERA DO LESTE       ;MT ;;
467742;TEREOS ACUCAR E ENERGIA BRASIL S A      ;;G4 ;47080619006239;ESTR ANDRE GARCIA CAMACHO KM 72,SN      ;ZONA RURAL               ;14770000;COLINA                   ;SP ;;
468682;ITAPAGIPE BIOENERGIA LTDA               ;;G1 ;06059962000100;FAZ AGUA AMARELA, SN                    ;ZONA RURAL               ;38240000;ITAPAGIPE                ;MG ;;
